{
    "aggregate_by": "EXPERIMENT",
    "created_at": "2025-08-29T15:23:41",
    "experiments": {
        "ERP105501": {
            "accession_code": "ERP105501",
            "description": "Large scale RNA-Seq analysis was performed to investigate the transcriptomic response to osteoarthritis in cartilage and investigate potential subgroups of patients. Data were collected from intact knee cartilage (posterior lateral condyle) from at total of 60 patients with osteoarthritis (OA) following total knee replacement and 10 control non-OA patients following amputation.",
            "has_publication": false,
            "organisms": [
                "HOMO_SAPIENS"
            ],
            "protocol_description": "RNA-Seq analysis of human osteoarthritic intact cartilage following total knee replacement",
            "publication_doi": "",
            "publication_title": "",
            "pubmed_id": "",
            "sample_accession_codes": [
                "ERR2209860",
                "ERR2209861",
                "ERR2209863",
                "ERR2209858",
                "ERR2209859",
                "ERR2209862",
                "ERR2209864",
                "ERR2209865",
                "ERR2209866",
                "ERR2209868",
                "ERR2209867",
                "ERR2209870",
                "ERR2209871",
                "ERR2209869",
                "ERR2209873",
                "ERR2209872",
                "ERR2209874",
                "ERR2209875",
                "ERR2209881",
                "ERR2209880",
                "ERR2209876",
                "ERR2209879",
                "ERR2209885",
                "ERR2209877",
                "ERR2209878",
                "ERR2209882",
                "ERR2209884",
                "ERR2209883",
                "ERR2209888",
                "ERR2209891",
                "ERR2209886",
                "ERR2209889",
                "ERR2209887",
                "ERR2209892",
                "ERR2209895",
                "ERR2209890",
                "ERR2209893",
                "ERR2209894",
                "ERR2209896",
                "ERR2209897",
                "ERR2209904",
                "ERR2209898",
                "ERR2209901",
                "ERR2209902",
                "ERR2209906",
                "ERR2209899",
                "ERR2209900",
                "ERR2209908",
                "ERR2209903",
                "ERR2209905",
                "ERR2209907",
                "ERR2209909",
                "ERR2209915",
                "ERR2209910",
                "ERR2209912",
                "ERR2209914",
                "ERR2209918",
                "ERR2209911",
                "ERR2209919",
                "ERR2209917",
                "ERR2209916",
                "ERR2209920",
                "ERR2209913",
                "ERR2209922",
                "ERR2209921",
                "ERR2209925",
                "ERR2209923",
                "ERR2209924",
                "ERR2209926",
                "ERR2209927",
                "ERR2209928",
                "ERR2209931",
                "ERR2209932",
                "ERR2209930",
                "ERR2209929"
            ],
            "source_first_published": "2017-12-14T00:00:00",
            "source_last_modified": "2017-12-01T00:00:00",
            "submitter_institution": "",
            "technology": "RNA-SEQ",
            "title": "RNA-Seq analysis of human osteoarthritic intact cartilage following total knee replacement"
        }
    },
    "ks_pvalue": 1.0,
    "ks_statistic": 4.613184481250254e-05,
    "ks_warning": "Failed Kolmogorov Smirnov test! Stat: 0.11283849241131153, PVal: 1.7991693937623065e-113",
    "num_experiments": 1,
    "num_samples": 75,
    "quant_sf_only": false,
    "quantile_normalized": true,
    "samples": {
        "ERR2209858": {
            "refinebio_accession_code": "ERR2209858",
            "refinebio_age": "",
            "refinebio_annotations": [],
            "refinebio_cell_line": "",
            "refinebio_compound": "",
            "refinebio_developmental_stage": "",
            "refinebio_disease": "",
            "refinebio_disease_stage": "",
            "refinebio_genetic_information": "",
            "refinebio_organism": "HOMO_SAPIENS",
            "refinebio_platform": "Illumina HiSeq 2500 (IlluminaHiSeq2500)",
            "refinebio_processed": true,
            "refinebio_processor_id": 204,
            "refinebio_processor_name": "Tximport",
            "refinebio_processor_version": "v1.13.8-hotfix",
            "refinebio_race": "",
            "refinebio_sex": "",
            "refinebio_source_archive_url": "",
            "refinebio_source_database": "SRA",
            "refinebio_specimen_part": "",
            "refinebio_subject": "",
            "refinebio_time": "",
            "refinebio_title": "MRI004",
            "refinebio_treatment": ""
        },
        "ERR2209859": {
            "refinebio_accession_code": "ERR2209859",
            "refinebio_age": "",
            "refinebio_annotations": [],
            "refinebio_cell_line": "",
            "refinebio_compound": "",
            "refinebio_developmental_stage": "",
            "refinebio_disease": "",
            "refinebio_disease_stage": "",
            "refinebio_genetic_information": "",
            "refinebio_organism": "HOMO_SAPIENS",
            "refinebio_platform": "Illumina HiSeq 2500 (IlluminaHiSeq2500)",
            "refinebio_processed": true,
            "refinebio_processor_id": 204,
            "refinebio_processor_name": "Tximport",
            "refinebio_processor_version": "v1.13.8-hotfix",
            "refinebio_race": "",
            "refinebio_sex": "",
            "refinebio_source_archive_url": "",
            "refinebio_source_database": "SRA",
            "refinebio_specimen_part": "",
            "refinebio_subject": "",
            "refinebio_time": "",
            "refinebio_title": "SH052",
            "refinebio_treatment": ""
        },
        "ERR2209860": {
            "refinebio_accession_code": "ERR2209860",
            "refinebio_age": "",
            "refinebio_annotations": [],
            "refinebio_cell_line": "",
            "refinebio_compound": "",
            "refinebio_developmental_stage": "",
            "refinebio_disease": "",
            "refinebio_disease_stage": "",
            "refinebio_genetic_information": "",
            "refinebio_organism": "HOMO_SAPIENS",
            "refinebio_platform": "Illumina HiSeq 2500 (IlluminaHiSeq2500)",
            "refinebio_processed": true,
            "refinebio_processor_id": 204,
            "refinebio_processor_name": "Tximport",
            "refinebio_processor_version": "v1.13.8-hotfix",
            "refinebio_race": "",
            "refinebio_sex": "",
            "refinebio_source_archive_url": "",
            "refinebio_source_database": "SRA",
            "refinebio_specimen_part": "",
            "refinebio_subject": "",
            "refinebio_time": "",
            "refinebio_title": "SH004",
            "refinebio_treatment": ""
        },
        "ERR2209861": {
            "refinebio_accession_code": "ERR2209861",
            "refinebio_age": "",
            "refinebio_annotations": [],
            "refinebio_cell_line": "",
            "refinebio_compound": "",
            "refinebio_developmental_stage": "",
            "refinebio_disease": "",
            "refinebio_disease_stage": "",
            "refinebio_genetic_information": "",
            "refinebio_organism": "HOMO_SAPIENS",
            "refinebio_platform": "Illumina HiSeq 2500 (IlluminaHiSeq2500)",
            "refinebio_processed": true,
            "refinebio_processor_id": 204,
            "refinebio_processor_name": "Tximport",
            "refinebio_processor_version": "v1.13.8-hotfix",
            "refinebio_race": "",
            "refinebio_sex": "",
            "refinebio_source_archive_url": "",
            "refinebio_source_database": "SRA",
            "refinebio_specimen_part": "",
            "refinebio_subject": "",
            "refinebio_time": "",
            "refinebio_title": "SH004",
            "refinebio_treatment": ""
        },
        "ERR2209862": {
            "refinebio_accession_code": "ERR2209862",
            "refinebio_age": "",
            "refinebio_annotations": [],
            "refinebio_cell_line": "",
            "refinebio_compound": "",
            "refinebio_developmental_stage": "",
            "refinebio_disease": "",
            "refinebio_disease_stage": "",
            "refinebio_genetic_information": "",
            "refinebio_organism": "HOMO_SAPIENS",
            "refinebio_platform": "Illumina HiSeq 2500 (IlluminaHiSeq2500)",
            "refinebio_processed": true,
            "refinebio_processor_id": 204,
            "refinebio_processor_name": "Tximport",
            "refinebio_processor_version": "v1.13.8-hotfix",
            "refinebio_race": "",
            "refinebio_sex": "",
            "refinebio_source_archive_url": "",
            "refinebio_source_database": "SRA",
            "refinebio_specimen_part": "",
            "refinebio_subject": "",
            "refinebio_time": "",
            "refinebio_title": "SH005",
            "refinebio_treatment": ""
        },
        "ERR2209863": {
            "refinebio_accession_code": "ERR2209863",
            "refinebio_age": "",
            "refinebio_annotations": [],
            "refinebio_cell_line": "",
            "refinebio_compound": "",
            "refinebio_developmental_stage": "",
            "refinebio_disease": "",
            "refinebio_disease_stage": "",
            "refinebio_genetic_information": "",
            "refinebio_organism": "HOMO_SAPIENS",
            "refinebio_platform": "Illumina HiSeq 2500 (IlluminaHiSeq2500)",
            "refinebio_processed": true,
            "refinebio_processor_id": 204,
            "refinebio_processor_name": "Tximport",
            "refinebio_processor_version": "v1.13.8-hotfix",
            "refinebio_race": "",
            "refinebio_sex": "",
            "refinebio_source_archive_url": "",
            "refinebio_source_database": "SRA",
            "refinebio_specimen_part": "",
            "refinebio_subject": "",
            "refinebio_time": "",
            "refinebio_title": "SH005",
            "refinebio_treatment": ""
        },
        "ERR2209864": {
            "refinebio_accession_code": "ERR2209864",
            "refinebio_age": "",
            "refinebio_annotations": [],
            "refinebio_cell_line": "",
            "refinebio_compound": "",
            "refinebio_developmental_stage": "",
            "refinebio_disease": "",
            "refinebio_disease_stage": "",
            "refinebio_genetic_information": "",
            "refinebio_organism": "HOMO_SAPIENS",
            "refinebio_platform": "Illumina HiSeq 2500 (IlluminaHiSeq2500)",
            "refinebio_processed": true,
            "refinebio_processor_id": 204,
            "refinebio_processor_name": "Tximport",
            "refinebio_processor_version": "v1.13.8-hotfix",
            "refinebio_race": "",
            "refinebio_sex": "",
            "refinebio_source_archive_url": "",
            "refinebio_source_database": "SRA",
            "refinebio_specimen_part": "",
            "refinebio_subject": "",
            "refinebio_time": "",
            "refinebio_title": "SH054",
            "refinebio_treatment": ""
        },
        "ERR2209865": {
            "refinebio_accession_code": "ERR2209865",
            "refinebio_age": "",
            "refinebio_annotations": [],
            "refinebio_cell_line": "",
            "refinebio_compound": "",
            "refinebio_developmental_stage": "",
            "refinebio_disease": "",
            "refinebio_disease_stage": "",
            "refinebio_genetic_information": "",
            "refinebio_organism": "HOMO_SAPIENS",
            "refinebio_platform": "Illumina HiSeq 2500 (IlluminaHiSeq2500)",
            "refinebio_processed": true,
            "refinebio_processor_id": 204,
            "refinebio_processor_name": "Tximport",
            "refinebio_processor_version": "v1.13.8-hotfix",
            "refinebio_race": "",
            "refinebio_sex": "",
            "refinebio_source_archive_url": "",
            "refinebio_source_database": "SRA",
            "refinebio_specimen_part": "",
            "refinebio_subject": "",
            "refinebio_time": "",
            "refinebio_title": "SH006",
            "refinebio_treatment": ""
        },
        "ERR2209866": {
            "refinebio_accession_code": "ERR2209866",
            "refinebio_age": "",
            "refinebio_annotations": [],
            "refinebio_cell_line": "",
            "refinebio_compound": "",
            "refinebio_developmental_stage": "",
            "refinebio_disease": "",
            "refinebio_disease_stage": "",
            "refinebio_genetic_information": "",
            "refinebio_organism": "HOMO_SAPIENS",
            "refinebio_platform": "Illumina HiSeq 2500 (IlluminaHiSeq2500)",
            "refinebio_processed": true,
            "refinebio_processor_id": 204,
            "refinebio_processor_name": "Tximport",
            "refinebio_processor_version": "v1.13.8-hotfix",
            "refinebio_race": "",
            "refinebio_sex": "",
            "refinebio_source_archive_url": "",
            "refinebio_source_database": "SRA",
            "refinebio_specimen_part": "",
            "refinebio_subject": "",
            "refinebio_time": "",
            "refinebio_title": "SH006",
            "refinebio_treatment": ""
        },
        "ERR2209867": {
            "refinebio_accession_code": "ERR2209867",
            "refinebio_age": "",
            "refinebio_annotations": [],
            "refinebio_cell_line": "",
            "refinebio_compound": "",
            "refinebio_developmental_stage": "",
            "refinebio_disease": "",
            "refinebio_disease_stage": "",
            "refinebio_genetic_information": "",
            "refinebio_organism": "HOMO_SAPIENS",
            "refinebio_platform": "Illumina HiSeq 2500 (IlluminaHiSeq2500)",
            "refinebio_processed": true,
            "refinebio_processor_id": 204,
            "refinebio_processor_name": "Tximport",
            "refinebio_processor_version": "v1.13.8-hotfix",
            "refinebio_race": "",
            "refinebio_sex": "",
            "refinebio_source_archive_url": "",
            "refinebio_source_database": "SRA",
            "refinebio_specimen_part": "",
            "refinebio_subject": "",
            "refinebio_time": "",
            "refinebio_title": "SH046",
            "refinebio_treatment": ""
        },
        "ERR2209868": {
            "refinebio_accession_code": "ERR2209868",
            "refinebio_age": "",
            "refinebio_annotations": [],
            "refinebio_cell_line": "",
            "refinebio_compound": "",
            "refinebio_developmental_stage": "",
            "refinebio_disease": "",
            "refinebio_disease_stage": "",
            "refinebio_genetic_information": "",
            "refinebio_organism": "HOMO_SAPIENS",
            "refinebio_platform": "Illumina HiSeq 2500 (IlluminaHiSeq2500)",
            "refinebio_processed": true,
            "refinebio_processor_id": 204,
            "refinebio_processor_name": "Tximport",
            "refinebio_processor_version": "v1.13.8-hotfix",
            "refinebio_race": "",
            "refinebio_sex": "",
            "refinebio_source_archive_url": "",
            "refinebio_source_database": "SRA",
            "refinebio_specimen_part": "",
            "refinebio_subject": "",
            "refinebio_time": "",
            "refinebio_title": "SH055",
            "refinebio_treatment": ""
        },
        "ERR2209869": {
            "refinebio_accession_code": "ERR2209869",
            "refinebio_age": "",
            "refinebio_annotations": [],
            "refinebio_cell_line": "",
            "refinebio_compound": "",
            "refinebio_developmental_stage": "",
            "refinebio_disease": "",
            "refinebio_disease_stage": "",
            "refinebio_genetic_information": "",
            "refinebio_organism": "HOMO_SAPIENS",
            "refinebio_platform": "Illumina HiSeq 2500 (IlluminaHiSeq2500)",
            "refinebio_processed": true,
            "refinebio_processor_id": 204,
            "refinebio_processor_name": "Tximport",
            "refinebio_processor_version": "v1.13.8-hotfix",
            "refinebio_race": "",
            "refinebio_sex": "",
            "refinebio_source_archive_url": "",
            "refinebio_source_database": "SRA",
            "refinebio_specimen_part": "",
            "refinebio_subject": "",
            "refinebio_time": "",
            "refinebio_title": "SH043",
            "refinebio_treatment": ""
        },
        "ERR2209870": {
            "refinebio_accession_code": "ERR2209870",
            "refinebio_age": "",
            "refinebio_annotations": [],
            "refinebio_cell_line": "",
            "refinebio_compound": "",
            "refinebio_developmental_stage": "",
            "refinebio_disease": "",
            "refinebio_disease_stage": "",
            "refinebio_genetic_information": "",
            "refinebio_organism": "HOMO_SAPIENS",
            "refinebio_platform": "Illumina HiSeq 2500 (IlluminaHiSeq2500)",
            "refinebio_processed": true,
            "refinebio_processor_id": 204,
            "refinebio_processor_name": "Tximport",
            "refinebio_processor_version": "v1.13.8-hotfix",
            "refinebio_race": "",
            "refinebio_sex": "",
            "refinebio_source_archive_url": "",
            "refinebio_source_database": "SRA",
            "refinebio_specimen_part": "",
            "refinebio_subject": "",
            "refinebio_time": "",
            "refinebio_title": "MRI001",
            "refinebio_treatment": ""
        },
        "ERR2209871": {
            "refinebio_accession_code": "ERR2209871",
            "refinebio_age": "",
            "refinebio_annotations": [],
            "refinebio_cell_line": "",
            "refinebio_compound": "",
            "refinebio_developmental_stage": "",
            "refinebio_disease": "",
            "refinebio_disease_stage": "",
            "refinebio_genetic_information": "",
            "refinebio_organism": "HOMO_SAPIENS",
            "refinebio_platform": "Illumina HiSeq 2500 (IlluminaHiSeq2500)",
            "refinebio_processed": true,
            "refinebio_processor_id": 204,
            "refinebio_processor_name": "Tximport",
            "refinebio_processor_version": "v1.13.8-hotfix",
            "refinebio_race": "",
            "refinebio_sex": "",
            "refinebio_source_archive_url": "",
            "refinebio_source_database": "SRA",
            "refinebio_specimen_part": "",
            "refinebio_subject": "",
            "refinebio_time": "",
            "refinebio_title": "MRI003",
            "refinebio_treatment": ""
        },
        "ERR2209872": {
            "refinebio_accession_code": "ERR2209872",
            "refinebio_age": "",
            "refinebio_annotations": [],
            "refinebio_cell_line": "",
            "refinebio_compound": "",
            "refinebio_developmental_stage": "",
            "refinebio_disease": "",
            "refinebio_disease_stage": "",
            "refinebio_genetic_information": "",
            "refinebio_organism": "HOMO_SAPIENS",
            "refinebio_platform": "Illumina HiSeq 2500 (IlluminaHiSeq2500)",
            "refinebio_processed": true,
            "refinebio_processor_id": 204,
            "refinebio_processor_name": "Tximport",
            "refinebio_processor_version": "v1.13.8-hotfix",
            "refinebio_race": "",
            "refinebio_sex": "",
            "refinebio_source_archive_url": "",
            "refinebio_source_database": "SRA",
            "refinebio_specimen_part": "",
            "refinebio_subject": "",
            "refinebio_time": "",
            "refinebio_title": "SH040",
            "refinebio_treatment": ""
        },
        "ERR2209873": {
            "refinebio_accession_code": "ERR2209873",
            "refinebio_age": "",
            "refinebio_annotations": [],
            "refinebio_cell_line": "",
            "refinebio_compound": "",
            "refinebio_developmental_stage": "",
            "refinebio_disease": "",
            "refinebio_disease_stage": "",
            "refinebio_genetic_information": "",
            "refinebio_organism": "HOMO_SAPIENS",
            "refinebio_platform": "Illumina HiSeq 2500 (IlluminaHiSeq2500)",
            "refinebio_processed": true,
            "refinebio_processor_id": 204,
            "refinebio_processor_name": "Tximport",
            "refinebio_processor_version": "v1.13.8-hotfix",
            "refinebio_race": "",
            "refinebio_sex": "",
            "refinebio_source_archive_url": "",
            "refinebio_source_database": "SRA",
            "refinebio_specimen_part": "",
            "refinebio_subject": "",
            "refinebio_time": "",
            "refinebio_title": "SH023",
            "refinebio_treatment": ""
        },
        "ERR2209874": {
            "refinebio_accession_code": "ERR2209874",
            "refinebio_age": "",
            "refinebio_annotations": [],
            "refinebio_cell_line": "",
            "refinebio_compound": "",
            "refinebio_developmental_stage": "",
            "refinebio_disease": "",
            "refinebio_disease_stage": "",
            "refinebio_genetic_information": "",
            "refinebio_organism": "HOMO_SAPIENS",
            "refinebio_platform": "Illumina HiSeq 2500 (IlluminaHiSeq2500)",
            "refinebio_processed": true,
            "refinebio_processor_id": 204,
            "refinebio_processor_name": "Tximport",
            "refinebio_processor_version": "v1.13.8-hotfix",
            "refinebio_race": "",
            "refinebio_sex": "",
            "refinebio_source_archive_url": "",
            "refinebio_source_database": "SRA",
            "refinebio_specimen_part": "",
            "refinebio_subject": "",
            "refinebio_time": "",
            "refinebio_title": "SH047",
            "refinebio_treatment": ""
        },
        "ERR2209875": {
            "refinebio_accession_code": "ERR2209875",
            "refinebio_age": "",
            "refinebio_annotations": [],
            "refinebio_cell_line": "",
            "refinebio_compound": "",
            "refinebio_developmental_stage": "",
            "refinebio_disease": "",
            "refinebio_disease_stage": "",
            "refinebio_genetic_information": "",
            "refinebio_organism": "HOMO_SAPIENS",
            "refinebio_platform": "Illumina HiSeq 2500 (IlluminaHiSeq2500)",
            "refinebio_processed": true,
            "refinebio_processor_id": 204,
            "refinebio_processor_name": "Tximport",
            "refinebio_processor_version": "v1.13.8-hotfix",
            "refinebio_race": "",
            "refinebio_sex": "",
            "refinebio_source_archive_url": "",
            "refinebio_source_database": "SRA",
            "refinebio_specimen_part": "",
            "refinebio_subject": "",
            "refinebio_time": "",
            "refinebio_title": "SH018",
            "refinebio_treatment": ""
        },
        "ERR2209876": {
            "refinebio_accession_code": "ERR2209876",
            "refinebio_age": "",
            "refinebio_annotations": [],
            "refinebio_cell_line": "",
            "refinebio_compound": "",
            "refinebio_developmental_stage": "",
            "refinebio_disease": "",
            "refinebio_disease_stage": "",
            "refinebio_genetic_information": "",
            "refinebio_organism": "HOMO_SAPIENS",
            "refinebio_platform": "Illumina HiSeq 2500 (IlluminaHiSeq2500)",
            "refinebio_processed": true,
            "refinebio_processor_id": 204,
            "refinebio_processor_name": "Tximport",
            "refinebio_processor_version": "v1.13.8-hotfix",
            "refinebio_race": "",
            "refinebio_sex": "",
            "refinebio_source_archive_url": "",
            "refinebio_source_database": "SRA",
            "refinebio_specimen_part": "",
            "refinebio_subject": "",
            "refinebio_time": "",
            "refinebio_title": "SH008",
            "refinebio_treatment": ""
        },
        "ERR2209877": {
            "refinebio_accession_code": "ERR2209877",
            "refinebio_age": "",
            "refinebio_annotations": [],
            "refinebio_cell_line": "",
            "refinebio_compound": "",
            "refinebio_developmental_stage": "",
            "refinebio_disease": "",
            "refinebio_disease_stage": "",
            "refinebio_genetic_information": "",
            "refinebio_organism": "HOMO_SAPIENS",
            "refinebio_platform": "Illumina HiSeq 2500 (IlluminaHiSeq2500)",
            "refinebio_processed": true,
            "refinebio_processor_id": 204,
            "refinebio_processor_name": "Tximport",
            "refinebio_processor_version": "v1.13.8-hotfix",
            "refinebio_race": "",
            "refinebio_sex": "",
            "refinebio_source_archive_url": "",
            "refinebio_source_database": "SRA",
            "refinebio_specimen_part": "",
            "refinebio_subject": "",
            "refinebio_time": "",
            "refinebio_title": "SH049",
            "refinebio_treatment": ""
        },
        "ERR2209878": {
            "refinebio_accession_code": "ERR2209878",
            "refinebio_age": "",
            "refinebio_annotations": [],
            "refinebio_cell_line": "",
            "refinebio_compound": "",
            "refinebio_developmental_stage": "",
            "refinebio_disease": "",
            "refinebio_disease_stage": "",
            "refinebio_genetic_information": "",
            "refinebio_organism": "HOMO_SAPIENS",
            "refinebio_platform": "Illumina HiSeq 2500 (IlluminaHiSeq2500)",
            "refinebio_processed": true,
            "refinebio_processor_id": 204,
            "refinebio_processor_name": "Tximport",
            "refinebio_processor_version": "v1.13.8-hotfix",
            "refinebio_race": "",
            "refinebio_sex": "",
            "refinebio_source_archive_url": "",
            "refinebio_source_database": "SRA",
            "refinebio_specimen_part": "",
            "refinebio_subject": "",
            "refinebio_time": "",
            "refinebio_title": "SH064",
            "refinebio_treatment": ""
        },
        "ERR2209879": {
            "refinebio_accession_code": "ERR2209879",
            "refinebio_age": "",
            "refinebio_annotations": [],
            "refinebio_cell_line": "",
            "refinebio_compound": "",
            "refinebio_developmental_stage": "",
            "refinebio_disease": "",
            "refinebio_disease_stage": "",
            "refinebio_genetic_information": "",
            "refinebio_organism": "HOMO_SAPIENS",
            "refinebio_platform": "Illumina HiSeq 2500 (IlluminaHiSeq2500)",
            "refinebio_processed": true,
            "refinebio_processor_id": 204,
            "refinebio_processor_name": "Tximport",
            "refinebio_processor_version": "v1.13.8-hotfix",
            "refinebio_race": "",
            "refinebio_sex": "",
            "refinebio_source_archive_url": "",
            "refinebio_source_database": "SRA",
            "refinebio_specimen_part": "",
            "refinebio_subject": "",
            "refinebio_time": "",
            "refinebio_title": "SH009",
            "refinebio_treatment": ""
        },
        "ERR2209880": {
            "refinebio_accession_code": "ERR2209880",
            "refinebio_age": "",
            "refinebio_annotations": [],
            "refinebio_cell_line": "",
            "refinebio_compound": "",
            "refinebio_developmental_stage": "",
            "refinebio_disease": "",
            "refinebio_disease_stage": "",
            "refinebio_genetic_information": "",
            "refinebio_organism": "HOMO_SAPIENS",
            "refinebio_platform": "Illumina HiSeq 2500 (IlluminaHiSeq2500)",
            "refinebio_processed": true,
            "refinebio_processor_id": 204,
            "refinebio_processor_name": "Tximport",
            "refinebio_processor_version": "v1.13.8-hotfix",
            "refinebio_race": "",
            "refinebio_sex": "",
            "refinebio_source_archive_url": "",
            "refinebio_source_database": "SRA",
            "refinebio_specimen_part": "",
            "refinebio_subject": "",
            "refinebio_time": "",
            "refinebio_title": "SH013",
            "refinebio_treatment": ""
        },
        "ERR2209881": {
            "refinebio_accession_code": "ERR2209881",
            "refinebio_age": "",
            "refinebio_annotations": [],
            "refinebio_cell_line": "",
            "refinebio_compound": "",
            "refinebio_developmental_stage": "",
            "refinebio_disease": "",
            "refinebio_disease_stage": "",
            "refinebio_genetic_information": "",
            "refinebio_organism": "HOMO_SAPIENS",
            "refinebio_platform": "Illumina HiSeq 2500 (IlluminaHiSeq2500)",
            "refinebio_processed": true,
            "refinebio_processor_id": 204,
            "refinebio_processor_name": "Tximport",
            "refinebio_processor_version": "v1.13.8-hotfix",
            "refinebio_race": "",
            "refinebio_sex": "",
            "refinebio_source_archive_url": "",
            "refinebio_source_database": "SRA",
            "refinebio_specimen_part": "",
            "refinebio_subject": "",
            "refinebio_time": "",
            "refinebio_title": "SH007",
            "refinebio_treatment": ""
        },
        "ERR2209882": {
            "refinebio_accession_code": "ERR2209882",
            "refinebio_age": "",
            "refinebio_annotations": [],
            "refinebio_cell_line": "",
            "refinebio_compound": "",
            "refinebio_developmental_stage": "",
            "refinebio_disease": "",
            "refinebio_disease_stage": "",
            "refinebio_genetic_information": "",
            "refinebio_organism": "HOMO_SAPIENS",
            "refinebio_platform": "Illumina HiSeq 2500 (IlluminaHiSeq2500)",
            "refinebio_processed": true,
            "refinebio_processor_id": 204,
            "refinebio_processor_name": "Tximport",
            "refinebio_processor_version": "v1.13.8-hotfix",
            "refinebio_race": "",
            "refinebio_sex": "",
            "refinebio_source_archive_url": "",
            "refinebio_source_database": "SRA",
            "refinebio_specimen_part": "",
            "refinebio_subject": "",
            "refinebio_time": "",
            "refinebio_title": "SH007",
            "refinebio_treatment": ""
        },
        "ERR2209883": {
            "refinebio_accession_code": "ERR2209883",
            "refinebio_age": "",
            "refinebio_annotations": [],
            "refinebio_cell_line": "",
            "refinebio_compound": "",
            "refinebio_developmental_stage": "",
            "refinebio_disease": "",
            "refinebio_disease_stage": "",
            "refinebio_genetic_information": "",
            "refinebio_organism": "HOMO_SAPIENS",
            "refinebio_platform": "Illumina HiSeq 2500 (IlluminaHiSeq2500)",
            "refinebio_processed": true,
            "refinebio_processor_id": 204,
            "refinebio_processor_name": "Tximport",
            "refinebio_processor_version": "v1.13.8-hotfix",
            "refinebio_race": "",
            "refinebio_sex": "",
            "refinebio_source_archive_url": "",
            "refinebio_source_database": "SRA",
            "refinebio_specimen_part": "",
            "refinebio_subject": "",
            "refinebio_time": "",
            "refinebio_title": "MRI006",
            "refinebio_treatment": ""
        },
        "ERR2209884": {
            "refinebio_accession_code": "ERR2209884",
            "refinebio_age": "",
            "refinebio_annotations": [],
            "refinebio_cell_line": "",
            "refinebio_compound": "",
            "refinebio_developmental_stage": "",
            "refinebio_disease": "",
            "refinebio_disease_stage": "",
            "refinebio_genetic_information": "",
            "refinebio_organism": "HOMO_SAPIENS",
            "refinebio_platform": "Illumina HiSeq 2500 (IlluminaHiSeq2500)",
            "refinebio_processed": true,
            "refinebio_processor_id": 204,
            "refinebio_processor_name": "Tximport",
            "refinebio_processor_version": "v1.13.8-hotfix",
            "refinebio_race": "",
            "refinebio_sex": "",
            "refinebio_source_archive_url": "",
            "refinebio_source_database": "SRA",
            "refinebio_specimen_part": "",
            "refinebio_subject": "",
            "refinebio_time": "",
            "refinebio_title": "RJ001",
            "refinebio_treatment": ""
        },
        "ERR2209885": {
            "refinebio_accession_code": "ERR2209885",
            "refinebio_age": "",
            "refinebio_annotations": [],
            "refinebio_cell_line": "",
            "refinebio_compound": "",
            "refinebio_developmental_stage": "",
            "refinebio_disease": "",
            "refinebio_disease_stage": "",
            "refinebio_genetic_information": "",
            "refinebio_organism": "HOMO_SAPIENS",
            "refinebio_platform": "Illumina HiSeq 2500 (IlluminaHiSeq2500)",
            "refinebio_processed": true,
            "refinebio_processor_id": 204,
            "refinebio_processor_name": "Tximport",
            "refinebio_processor_version": "v1.13.8-hotfix",
            "refinebio_race": "",
            "refinebio_sex": "",
            "refinebio_source_archive_url": "",
            "refinebio_source_database": "SRA",
            "refinebio_specimen_part": "",
            "refinebio_subject": "",
            "refinebio_time": "",
            "refinebio_title": "SH070",
            "refinebio_treatment": ""
        },
        "ERR2209886": {
            "refinebio_accession_code": "ERR2209886",
            "refinebio_age": "",
            "refinebio_annotations": [],
            "refinebio_cell_line": "",
            "refinebio_compound": "",
            "refinebio_developmental_stage": "",
            "refinebio_disease": "",
            "refinebio_disease_stage": "",
            "refinebio_genetic_information": "",
            "refinebio_organism": "HOMO_SAPIENS",
            "refinebio_platform": "Illumina HiSeq 2500 (IlluminaHiSeq2500)",
            "refinebio_processed": true,
            "refinebio_processor_id": 204,
            "refinebio_processor_name": "Tximport",
            "refinebio_processor_version": "v1.13.8-hotfix",
            "refinebio_race": "",
            "refinebio_sex": "",
            "refinebio_source_archive_url": "",
            "refinebio_source_database": "SRA",
            "refinebio_specimen_part": "",
            "refinebio_subject": "",
            "refinebio_time": "",
            "refinebio_title": "SH025",
            "refinebio_treatment": ""
        },
        "ERR2209887": {
            "refinebio_accession_code": "ERR2209887",
            "refinebio_age": "",
            "refinebio_annotations": [],
            "refinebio_cell_line": "",
            "refinebio_compound": "",
            "refinebio_developmental_stage": "",
            "refinebio_disease": "",
            "refinebio_disease_stage": "",
            "refinebio_genetic_information": "",
            "refinebio_organism": "HOMO_SAPIENS",
            "refinebio_platform": "Illumina HiSeq 2500 (IlluminaHiSeq2500)",
            "refinebio_processed": true,
            "refinebio_processor_id": 204,
            "refinebio_processor_name": "Tximport",
            "refinebio_processor_version": "v1.13.8-hotfix",
            "refinebio_race": "",
            "refinebio_sex": "",
            "refinebio_source_archive_url": "",
            "refinebio_source_database": "SRA",
            "refinebio_specimen_part": "",
            "refinebio_subject": "",
            "refinebio_time": "",
            "refinebio_title": "SH038",
            "refinebio_treatment": ""
        },
        "ERR2209888": {
            "refinebio_accession_code": "ERR2209888",
            "refinebio_age": "",
            "refinebio_annotations": [],
            "refinebio_cell_line": "",
            "refinebio_compound": "",
            "refinebio_developmental_stage": "",
            "refinebio_disease": "",
            "refinebio_disease_stage": "",
            "refinebio_genetic_information": "",
            "refinebio_organism": "HOMO_SAPIENS",
            "refinebio_platform": "Illumina HiSeq 2500 (IlluminaHiSeq2500)",
            "refinebio_processed": true,
            "refinebio_processor_id": 204,
            "refinebio_processor_name": "Tximport",
            "refinebio_processor_version": "v1.13.8-hotfix",
            "refinebio_race": "",
            "refinebio_sex": "",
            "refinebio_source_archive_url": "",
            "refinebio_source_database": "SRA",
            "refinebio_specimen_part": "",
            "refinebio_subject": "",
            "refinebio_time": "",
            "refinebio_title": "SH053",
            "refinebio_treatment": ""
        },
        "ERR2209889": {
            "refinebio_accession_code": "ERR2209889",
            "refinebio_age": "",
            "refinebio_annotations": [],
            "refinebio_cell_line": "",
            "refinebio_compound": "",
            "refinebio_developmental_stage": "",
            "refinebio_disease": "",
            "refinebio_disease_stage": "",
            "refinebio_genetic_information": "",
            "refinebio_organism": "HOMO_SAPIENS",
            "refinebio_platform": "Illumina HiSeq 2500 (IlluminaHiSeq2500)",
            "refinebio_processed": true,
            "refinebio_processor_id": 204,
            "refinebio_processor_name": "Tximport",
            "refinebio_processor_version": "v1.13.8-hotfix",
            "refinebio_race": "",
            "refinebio_sex": "",
            "refinebio_source_archive_url": "",
            "refinebio_source_database": "SRA",
            "refinebio_specimen_part": "",
            "refinebio_subject": "",
            "refinebio_time": "",
            "refinebio_title": "SH028",
            "refinebio_treatment": ""
        },
        "ERR2209890": {
            "refinebio_accession_code": "ERR2209890",
            "refinebio_age": "",
            "refinebio_annotations": [],
            "refinebio_cell_line": "",
            "refinebio_compound": "",
            "refinebio_developmental_stage": "",
            "refinebio_disease": "",
            "refinebio_disease_stage": "",
            "refinebio_genetic_information": "",
            "refinebio_organism": "HOMO_SAPIENS",
            "refinebio_platform": "Illumina HiSeq 2500 (IlluminaHiSeq2500)",
            "refinebio_processed": true,
            "refinebio_processor_id": 204,
            "refinebio_processor_name": "Tximport",
            "refinebio_processor_version": "v1.13.8-hotfix",
            "refinebio_race": "",
            "refinebio_sex": "",
            "refinebio_source_archive_url": "",
            "refinebio_source_database": "SRA",
            "refinebio_specimen_part": "",
            "refinebio_subject": "",
            "refinebio_time": "",
            "refinebio_title": "SH048",
            "refinebio_treatment": ""
        },
        "ERR2209891": {
            "refinebio_accession_code": "ERR2209891",
            "refinebio_age": "",
            "refinebio_annotations": [],
            "refinebio_cell_line": "",
            "refinebio_compound": "",
            "refinebio_developmental_stage": "",
            "refinebio_disease": "",
            "refinebio_disease_stage": "",
            "refinebio_genetic_information": "",
            "refinebio_organism": "HOMO_SAPIENS",
            "refinebio_platform": "Illumina HiSeq 2500 (IlluminaHiSeq2500)",
            "refinebio_processed": true,
            "refinebio_processor_id": 204,
            "refinebio_processor_name": "Tximport",
            "refinebio_processor_version": "v1.13.8-hotfix",
            "refinebio_race": "",
            "refinebio_sex": "",
            "refinebio_source_archive_url": "",
            "refinebio_source_database": "SRA",
            "refinebio_specimen_part": "",
            "refinebio_subject": "",
            "refinebio_time": "",
            "refinebio_title": "SH001",
            "refinebio_treatment": ""
        },
        "ERR2209892": {
            "refinebio_accession_code": "ERR2209892",
            "refinebio_age": "",
            "refinebio_annotations": [],
            "refinebio_cell_line": "",
            "refinebio_compound": "",
            "refinebio_developmental_stage": "",
            "refinebio_disease": "",
            "refinebio_disease_stage": "",
            "refinebio_genetic_information": "",
            "refinebio_organism": "HOMO_SAPIENS",
            "refinebio_platform": "Illumina HiSeq 2500 (IlluminaHiSeq2500)",
            "refinebio_processed": true,
            "refinebio_processor_id": 204,
            "refinebio_processor_name": "Tximport",
            "refinebio_processor_version": "v1.13.8-hotfix",
            "refinebio_race": "",
            "refinebio_sex": "",
            "refinebio_source_archive_url": "",
            "refinebio_source_database": "SRA",
            "refinebio_specimen_part": "",
            "refinebio_subject": "",
            "refinebio_time": "",
            "refinebio_title": "SH001",
            "refinebio_treatment": ""
        },
        "ERR2209893": {
            "refinebio_accession_code": "ERR2209893",
            "refinebio_age": "",
            "refinebio_annotations": [],
            "refinebio_cell_line": "",
            "refinebio_compound": "",
            "refinebio_developmental_stage": "",
            "refinebio_disease": "",
            "refinebio_disease_stage": "",
            "refinebio_genetic_information": "",
            "refinebio_organism": "HOMO_SAPIENS",
            "refinebio_platform": "Illumina HiSeq 2500 (IlluminaHiSeq2500)",
            "refinebio_processed": true,
            "refinebio_processor_id": 204,
            "refinebio_processor_name": "Tximport",
            "refinebio_processor_version": "v1.13.8-hotfix",
            "refinebio_race": "",
            "refinebio_sex": "",
            "refinebio_source_archive_url": "",
            "refinebio_source_database": "SRA",
            "refinebio_specimen_part": "",
            "refinebio_subject": "",
            "refinebio_time": "",
            "refinebio_title": "MRI002",
            "refinebio_treatment": ""
        },
        "ERR2209894": {
            "refinebio_accession_code": "ERR2209894",
            "refinebio_age": "",
            "refinebio_annotations": [],
            "refinebio_cell_line": "",
            "refinebio_compound": "",
            "refinebio_developmental_stage": "",
            "refinebio_disease": "",
            "refinebio_disease_stage": "",
            "refinebio_genetic_information": "",
            "refinebio_organism": "HOMO_SAPIENS",
            "refinebio_platform": "Illumina HiSeq 2500 (IlluminaHiSeq2500)",
            "refinebio_processed": true,
            "refinebio_processor_id": 204,
            "refinebio_processor_name": "Tximport",
            "refinebio_processor_version": "v1.13.8-hotfix",
            "refinebio_race": "",
            "refinebio_sex": "",
            "refinebio_source_archive_url": "",
            "refinebio_source_database": "SRA",
            "refinebio_specimen_part": "",
            "refinebio_subject": "",
            "refinebio_time": "",
            "refinebio_title": "MRI005",
            "refinebio_treatment": ""
        },
        "ERR2209895": {
            "refinebio_accession_code": "ERR2209895",
            "refinebio_age": "",
            "refinebio_annotations": [],
            "refinebio_cell_line": "",
            "refinebio_compound": "",
            "refinebio_developmental_stage": "",
            "refinebio_disease": "",
            "refinebio_disease_stage": "",
            "refinebio_genetic_information": "",
            "refinebio_organism": "HOMO_SAPIENS",
            "refinebio_platform": "Illumina HiSeq 2500 (IlluminaHiSeq2500)",
            "refinebio_processed": true,
            "refinebio_processor_id": 204,
            "refinebio_processor_name": "Tximport",
            "refinebio_processor_version": "v1.13.8-hotfix",
            "refinebio_race": "",
            "refinebio_sex": "",
            "refinebio_source_archive_url": "",
            "refinebio_source_database": "SRA",
            "refinebio_specimen_part": "",
            "refinebio_subject": "",
            "refinebio_time": "",
            "refinebio_title": "MRI007",
            "refinebio_treatment": ""
        },
        "ERR2209896": {
            "refinebio_accession_code": "ERR2209896",
            "refinebio_age": "",
            "refinebio_annotations": [],
            "refinebio_cell_line": "",
            "refinebio_compound": "",
            "refinebio_developmental_stage": "",
            "refinebio_disease": "",
            "refinebio_disease_stage": "",
            "refinebio_genetic_information": "",
            "refinebio_organism": "HOMO_SAPIENS",
            "refinebio_platform": "Illumina HiSeq 2500 (IlluminaHiSeq2500)",
            "refinebio_processed": true,
            "refinebio_processor_id": 204,
            "refinebio_processor_name": "Tximport",
            "refinebio_processor_version": "v1.13.8-hotfix",
            "refinebio_race": "",
            "refinebio_sex": "",
            "refinebio_source_archive_url": "",
            "refinebio_source_database": "SRA",
            "refinebio_specimen_part": "",
            "refinebio_subject": "",
            "refinebio_time": "",
            "refinebio_title": "MRI008",
            "refinebio_treatment": ""
        },
        "ERR2209897": {
            "refinebio_accession_code": "ERR2209897",
            "refinebio_age": "",
            "refinebio_annotations": [],
            "refinebio_cell_line": "",
            "refinebio_compound": "",
            "refinebio_developmental_stage": "",
            "refinebio_disease": "",
            "refinebio_disease_stage": "",
            "refinebio_genetic_information": "",
            "refinebio_organism": "HOMO_SAPIENS",
            "refinebio_platform": "Illumina HiSeq 2500 (IlluminaHiSeq2500)",
            "refinebio_processed": true,
            "refinebio_processor_id": 204,
            "refinebio_processor_name": "Tximport",
            "refinebio_processor_version": "v1.13.8-hotfix",
            "refinebio_race": "",
            "refinebio_sex": "",
            "refinebio_source_archive_url": "",
            "refinebio_source_database": "SRA",
            "refinebio_specimen_part": "",
            "refinebio_subject": "",
            "refinebio_time": "",
            "refinebio_title": "SH071",
            "refinebio_treatment": ""
        },
        "ERR2209898": {
            "refinebio_accession_code": "ERR2209898",
            "refinebio_age": "",
            "refinebio_annotations": [],
            "refinebio_cell_line": "",
            "refinebio_compound": "",
            "refinebio_developmental_stage": "",
            "refinebio_disease": "",
            "refinebio_disease_stage": "",
            "refinebio_genetic_information": "",
            "refinebio_organism": "HOMO_SAPIENS",
            "refinebio_platform": "Illumina HiSeq 2500 (IlluminaHiSeq2500)",
            "refinebio_processed": true,
            "refinebio_processor_id": 204,
            "refinebio_processor_name": "Tximport",
            "refinebio_processor_version": "v1.13.8-hotfix",
            "refinebio_race": "",
            "refinebio_sex": "",
            "refinebio_source_archive_url": "",
            "refinebio_source_database": "SRA",
            "refinebio_specimen_part": "",
            "refinebio_subject": "",
            "refinebio_time": "",
            "refinebio_title": "SH035",
            "refinebio_treatment": ""
        },
        "ERR2209899": {
            "refinebio_accession_code": "ERR2209899",
            "refinebio_age": "",
            "refinebio_annotations": [],
            "refinebio_cell_line": "",
            "refinebio_compound": "",
            "refinebio_developmental_stage": "",
            "refinebio_disease": "",
            "refinebio_disease_stage": "",
            "refinebio_genetic_information": "",
            "refinebio_organism": "HOMO_SAPIENS",
            "refinebio_platform": "Illumina HiSeq 2500 (IlluminaHiSeq2500)",
            "refinebio_processed": true,
            "refinebio_processor_id": 204,
            "refinebio_processor_name": "Tximport",
            "refinebio_processor_version": "v1.13.8-hotfix",
            "refinebio_race": "",
            "refinebio_sex": "",
            "refinebio_source_archive_url": "",
            "refinebio_source_database": "SRA",
            "refinebio_specimen_part": "",
            "refinebio_subject": "",
            "refinebio_time": "",
            "refinebio_title": "SH012",
            "refinebio_treatment": ""
        },
        "ERR2209900": {
            "refinebio_accession_code": "ERR2209900",
            "refinebio_age": "",
            "refinebio_annotations": [],
            "refinebio_cell_line": "",
            "refinebio_compound": "",
            "refinebio_developmental_stage": "",
            "refinebio_disease": "",
            "refinebio_disease_stage": "",
            "refinebio_genetic_information": "",
            "refinebio_organism": "HOMO_SAPIENS",
            "refinebio_platform": "Illumina HiSeq 2500 (IlluminaHiSeq2500)",
            "refinebio_processed": true,
            "refinebio_processor_id": 204,
            "refinebio_processor_name": "Tximport",
            "refinebio_processor_version": "v1.13.8-hotfix",
            "refinebio_race": "",
            "refinebio_sex": "",
            "refinebio_source_archive_url": "",
            "refinebio_source_database": "SRA",
            "refinebio_specimen_part": "",
            "refinebio_subject": "",
            "refinebio_time": "",
            "refinebio_title": "SH032",
            "refinebio_treatment": ""
        },
        "ERR2209901": {
            "refinebio_accession_code": "ERR2209901",
            "refinebio_age": "",
            "refinebio_annotations": [],
            "refinebio_cell_line": "",
            "refinebio_compound": "",
            "refinebio_developmental_stage": "",
            "refinebio_disease": "",
            "refinebio_disease_stage": "",
            "refinebio_genetic_information": "",
            "refinebio_organism": "HOMO_SAPIENS",
            "refinebio_platform": "Illumina HiSeq 2500 (IlluminaHiSeq2500)",
            "refinebio_processed": true,
            "refinebio_processor_id": 204,
            "refinebio_processor_name": "Tximport",
            "refinebio_processor_version": "v1.13.8-hotfix",
            "refinebio_race": "",
            "refinebio_sex": "",
            "refinebio_source_archive_url": "",
            "refinebio_source_database": "SRA",
            "refinebio_specimen_part": "",
            "refinebio_subject": "",
            "refinebio_time": "",
            "refinebio_title": "SH011",
            "refinebio_treatment": ""
        },
        "ERR2209902": {
            "refinebio_accession_code": "ERR2209902",
            "refinebio_age": "",
            "refinebio_annotations": [],
            "refinebio_cell_line": "",
            "refinebio_compound": "",
            "refinebio_developmental_stage": "",
            "refinebio_disease": "",
            "refinebio_disease_stage": "",
            "refinebio_genetic_information": "",
            "refinebio_organism": "HOMO_SAPIENS",
            "refinebio_platform": "Illumina HiSeq 2500 (IlluminaHiSeq2500)",
            "refinebio_processed": true,
            "refinebio_processor_id": 204,
            "refinebio_processor_name": "Tximport",
            "refinebio_processor_version": "v1.13.8-hotfix",
            "refinebio_race": "",
            "refinebio_sex": "",
            "refinebio_source_archive_url": "",
            "refinebio_source_database": "SRA",
            "refinebio_specimen_part": "",
            "refinebio_subject": "",
            "refinebio_time": "",
            "refinebio_title": "SH039",
            "refinebio_treatment": ""
        },
        "ERR2209903": {
            "refinebio_accession_code": "ERR2209903",
            "refinebio_age": "",
            "refinebio_annotations": [],
            "refinebio_cell_line": "",
            "refinebio_compound": "",
            "refinebio_developmental_stage": "",
            "refinebio_disease": "",
            "refinebio_disease_stage": "",
            "refinebio_genetic_information": "",
            "refinebio_organism": "HOMO_SAPIENS",
            "refinebio_platform": "Illumina HiSeq 2500 (IlluminaHiSeq2500)",
            "refinebio_processed": true,
            "refinebio_processor_id": 204,
            "refinebio_processor_name": "Tximport",
            "refinebio_processor_version": "v1.13.8-hotfix",
            "refinebio_race": "",
            "refinebio_sex": "",
            "refinebio_source_archive_url": "",
            "refinebio_source_database": "SRA",
            "refinebio_specimen_part": "",
            "refinebio_subject": "",
            "refinebio_time": "",
            "refinebio_title": "SH045",
            "refinebio_treatment": ""
        },
        "ERR2209904": {
            "refinebio_accession_code": "ERR2209904",
            "refinebio_age": "",
            "refinebio_annotations": [],
            "refinebio_cell_line": "",
            "refinebio_compound": "",
            "refinebio_developmental_stage": "",
            "refinebio_disease": "",
            "refinebio_disease_stage": "",
            "refinebio_genetic_information": "",
            "refinebio_organism": "HOMO_SAPIENS",
            "refinebio_platform": "Illumina HiSeq 2500 (IlluminaHiSeq2500)",
            "refinebio_processed": true,
            "refinebio_processor_id": 204,
            "refinebio_processor_name": "Tximport",
            "refinebio_processor_version": "v1.13.8-hotfix",
            "refinebio_race": "",
            "refinebio_sex": "",
            "refinebio_source_archive_url": "",
            "refinebio_source_database": "SRA",
            "refinebio_specimen_part": "",
            "refinebio_subject": "",
            "refinebio_time": "",
            "refinebio_title": "SH029",
            "refinebio_treatment": ""
        },
        "ERR2209905": {
            "refinebio_accession_code": "ERR2209905",
            "refinebio_age": "",
            "refinebio_annotations": [],
            "refinebio_cell_line": "",
            "refinebio_compound": "",
            "refinebio_developmental_stage": "",
            "refinebio_disease": "",
            "refinebio_disease_stage": "",
            "refinebio_genetic_information": "",
            "refinebio_organism": "HOMO_SAPIENS",
            "refinebio_platform": "Illumina HiSeq 2500 (IlluminaHiSeq2500)",
            "refinebio_processed": true,
            "refinebio_processor_id": 204,
            "refinebio_processor_name": "Tximport",
            "refinebio_processor_version": "v1.13.8-hotfix",
            "refinebio_race": "",
            "refinebio_sex": "",
            "refinebio_source_archive_url": "",
            "refinebio_source_database": "SRA",
            "refinebio_specimen_part": "",
            "refinebio_subject": "",
            "refinebio_time": "",
            "refinebio_title": "SH065",
            "refinebio_treatment": ""
        },
        "ERR2209906": {
            "refinebio_accession_code": "ERR2209906",
            "refinebio_age": "",
            "refinebio_annotations": [],
            "refinebio_cell_line": "",
            "refinebio_compound": "",
            "refinebio_developmental_stage": "",
            "refinebio_disease": "",
            "refinebio_disease_stage": "",
            "refinebio_genetic_information": "",
            "refinebio_organism": "HOMO_SAPIENS",
            "refinebio_platform": "Illumina HiSeq 2500 (IlluminaHiSeq2500)",
            "refinebio_processed": true,
            "refinebio_processor_id": 204,
            "refinebio_processor_name": "Tximport",
            "refinebio_processor_version": "v1.13.8-hotfix",
            "refinebio_race": "",
            "refinebio_sex": "",
            "refinebio_source_archive_url": "",
            "refinebio_source_database": "SRA",
            "refinebio_specimen_part": "",
            "refinebio_subject": "",
            "refinebio_time": "",
            "refinebio_title": "SH063",
            "refinebio_treatment": ""
        },
        "ERR2209907": {
            "refinebio_accession_code": "ERR2209907",
            "refinebio_age": "",
            "refinebio_annotations": [],
            "refinebio_cell_line": "",
            "refinebio_compound": "",
            "refinebio_developmental_stage": "",
            "refinebio_disease": "",
            "refinebio_disease_stage": "",
            "refinebio_genetic_information": "",
            "refinebio_organism": "HOMO_SAPIENS",
            "refinebio_platform": "Illumina HiSeq 2500 (IlluminaHiSeq2500)",
            "refinebio_processed": true,
            "refinebio_processor_id": 204,
            "refinebio_processor_name": "Tximport",
            "refinebio_processor_version": "v1.13.8-hotfix",
            "refinebio_race": "",
            "refinebio_sex": "",
            "refinebio_source_archive_url": "",
            "refinebio_source_database": "SRA",
            "refinebio_specimen_part": "",
            "refinebio_subject": "",
            "refinebio_time": "",
            "refinebio_title": "SH057",
            "refinebio_treatment": ""
        },
        "ERR2209908": {
            "refinebio_accession_code": "ERR2209908",
            "refinebio_age": "",
            "refinebio_annotations": [],
            "refinebio_cell_line": "",
            "refinebio_compound": "",
            "refinebio_developmental_stage": "",
            "refinebio_disease": "",
            "refinebio_disease_stage": "",
            "refinebio_genetic_information": "",
            "refinebio_organism": "HOMO_SAPIENS",
            "refinebio_platform": "Illumina HiSeq 2500 (IlluminaHiSeq2500)",
            "refinebio_processed": true,
            "refinebio_processor_id": 204,
            "refinebio_processor_name": "Tximport",
            "refinebio_processor_version": "v1.13.8-hotfix",
            "refinebio_race": "",
            "refinebio_sex": "",
            "refinebio_source_archive_url": "",
            "refinebio_source_database": "SRA",
            "refinebio_specimen_part": "",
            "refinebio_subject": "",
            "refinebio_time": "",
            "refinebio_title": "SH037",
            "refinebio_treatment": ""
        },
        "ERR2209909": {
            "refinebio_accession_code": "ERR2209909",
            "refinebio_age": "",
            "refinebio_annotations": [],
            "refinebio_cell_line": "",
            "refinebio_compound": "",
            "refinebio_developmental_stage": "",
            "refinebio_disease": "",
            "refinebio_disease_stage": "",
            "refinebio_genetic_information": "",
            "refinebio_organism": "HOMO_SAPIENS",
            "refinebio_platform": "Illumina HiSeq 2500 (IlluminaHiSeq2500)",
            "refinebio_processed": true,
            "refinebio_processor_id": 204,
            "refinebio_processor_name": "Tximport",
            "refinebio_processor_version": "v1.13.8-hotfix",
            "refinebio_race": "",
            "refinebio_sex": "",
            "refinebio_source_archive_url": "",
            "refinebio_source_database": "SRA",
            "refinebio_specimen_part": "",
            "refinebio_subject": "",
            "refinebio_time": "",
            "refinebio_title": "SH020",
            "refinebio_treatment": ""
        },
        "ERR2209910": {
            "refinebio_accession_code": "ERR2209910",
            "refinebio_age": "",
            "refinebio_annotations": [],
            "refinebio_cell_line": "",
            "refinebio_compound": "",
            "refinebio_developmental_stage": "",
            "refinebio_disease": "",
            "refinebio_disease_stage": "",
            "refinebio_genetic_information": "",
            "refinebio_organism": "HOMO_SAPIENS",
            "refinebio_platform": "Illumina HiSeq 2500 (IlluminaHiSeq2500)",
            "refinebio_processed": true,
            "refinebio_processor_id": 204,
            "refinebio_processor_name": "Tximport",
            "refinebio_processor_version": "v1.13.8-hotfix",
            "refinebio_race": "",
            "refinebio_sex": "",
            "refinebio_source_archive_url": "",
            "refinebio_source_database": "SRA",
            "refinebio_specimen_part": "",
            "refinebio_subject": "",
            "refinebio_time": "",
            "refinebio_title": "MRI009",
            "refinebio_treatment": ""
        },
        "ERR2209911": {
            "refinebio_accession_code": "ERR2209911",
            "refinebio_age": "",
            "refinebio_annotations": [],
            "refinebio_cell_line": "",
            "refinebio_compound": "",
            "refinebio_developmental_stage": "",
            "refinebio_disease": "",
            "refinebio_disease_stage": "",
            "refinebio_genetic_information": "",
            "refinebio_organism": "HOMO_SAPIENS",
            "refinebio_platform": "Illumina HiSeq 2500 (IlluminaHiSeq2500)",
            "refinebio_processed": true,
            "refinebio_processor_id": 204,
            "refinebio_processor_name": "Tximport",
            "refinebio_processor_version": "v1.13.8-hotfix",
            "refinebio_race": "",
            "refinebio_sex": "",
            "refinebio_source_archive_url": "",
            "refinebio_source_database": "SRA",
            "refinebio_specimen_part": "",
            "refinebio_subject": "",
            "refinebio_time": "",
            "refinebio_title": "SH074",
            "refinebio_treatment": ""
        },
        "ERR2209912": {
            "refinebio_accession_code": "ERR2209912",
            "refinebio_age": "",
            "refinebio_annotations": [],
            "refinebio_cell_line": "",
            "refinebio_compound": "",
            "refinebio_developmental_stage": "",
            "refinebio_disease": "",
            "refinebio_disease_stage": "",
            "refinebio_genetic_information": "",
            "refinebio_organism": "HOMO_SAPIENS",
            "refinebio_platform": "Illumina HiSeq 2500 (IlluminaHiSeq2500)",
            "refinebio_processed": true,
            "refinebio_processor_id": 204,
            "refinebio_processor_name": "Tximport",
            "refinebio_processor_version": "v1.13.8-hotfix",
            "refinebio_race": "",
            "refinebio_sex": "",
            "refinebio_source_archive_url": "",
            "refinebio_source_database": "SRA",
            "refinebio_specimen_part": "",
            "refinebio_subject": "",
            "refinebio_time": "",
            "refinebio_title": "SH082",
            "refinebio_treatment": ""
        },
        "ERR2209913": {
            "refinebio_accession_code": "ERR2209913",
            "refinebio_age": "",
            "refinebio_annotations": [],
            "refinebio_cell_line": "",
            "refinebio_compound": "",
            "refinebio_developmental_stage": "",
            "refinebio_disease": "",
            "refinebio_disease_stage": "",
            "refinebio_genetic_information": "",
            "refinebio_organism": "HOMO_SAPIENS",
            "refinebio_platform": "Illumina HiSeq 2500 (IlluminaHiSeq2500)",
            "refinebio_processed": true,
            "refinebio_processor_id": 204,
            "refinebio_processor_name": "Tximport",
            "refinebio_processor_version": "v1.13.8-hotfix",
            "refinebio_race": "",
            "refinebio_sex": "",
            "refinebio_source_archive_url": "",
            "refinebio_source_database": "SRA",
            "refinebio_specimen_part": "",
            "refinebio_subject": "",
            "refinebio_time": "",
            "refinebio_title": "SH060",
            "refinebio_treatment": ""
        },
        "ERR2209914": {
            "refinebio_accession_code": "ERR2209914",
            "refinebio_age": "",
            "refinebio_annotations": [],
            "refinebio_cell_line": "",
            "refinebio_compound": "",
            "refinebio_developmental_stage": "",
            "refinebio_disease": "",
            "refinebio_disease_stage": "",
            "refinebio_genetic_information": "",
            "refinebio_organism": "HOMO_SAPIENS",
            "refinebio_platform": "Illumina HiSeq 2500 (IlluminaHiSeq2500)",
            "refinebio_processed": true,
            "refinebio_processor_id": 204,
            "refinebio_processor_name": "Tximport",
            "refinebio_processor_version": "v1.13.8-hotfix",
            "refinebio_race": "",
            "refinebio_sex": "",
            "refinebio_source_archive_url": "",
            "refinebio_source_database": "SRA",
            "refinebio_specimen_part": "",
            "refinebio_subject": "",
            "refinebio_time": "",
            "refinebio_title": "SH051",
            "refinebio_treatment": ""
        },
        "ERR2209915": {
            "refinebio_accession_code": "ERR2209915",
            "refinebio_age": "",
            "refinebio_annotations": [],
            "refinebio_cell_line": "",
            "refinebio_compound": "",
            "refinebio_developmental_stage": "",
            "refinebio_disease": "",
            "refinebio_disease_stage": "",
            "refinebio_genetic_information": "",
            "refinebio_organism": "HOMO_SAPIENS",
            "refinebio_platform": "Illumina HiSeq 2500 (IlluminaHiSeq2500)",
            "refinebio_processed": true,
            "refinebio_processor_id": 204,
            "refinebio_processor_name": "Tximport",
            "refinebio_processor_version": "v1.13.8-hotfix",
            "refinebio_race": "",
            "refinebio_sex": "",
            "refinebio_source_archive_url": "",
            "refinebio_source_database": "SRA",
            "refinebio_specimen_part": "",
            "refinebio_subject": "",
            "refinebio_time": "",
            "refinebio_title": "SH019",
            "refinebio_treatment": ""
        },
        "ERR2209916": {
            "refinebio_accession_code": "ERR2209916",
            "refinebio_age": "",
            "refinebio_annotations": [],
            "refinebio_cell_line": "",
            "refinebio_compound": "",
            "refinebio_developmental_stage": "",
            "refinebio_disease": "",
            "refinebio_disease_stage": "",
            "refinebio_genetic_information": "",
            "refinebio_organism": "HOMO_SAPIENS",
            "refinebio_platform": "Illumina HiSeq 2500 (IlluminaHiSeq2500)",
            "refinebio_processed": true,
            "refinebio_processor_id": 204,
            "refinebio_processor_name": "Tximport",
            "refinebio_processor_version": "v1.13.8-hotfix",
            "refinebio_race": "",
            "refinebio_sex": "",
            "refinebio_source_archive_url": "",
            "refinebio_source_database": "SRA",
            "refinebio_specimen_part": "",
            "refinebio_subject": "",
            "refinebio_time": "",
            "refinebio_title": "SH066",
            "refinebio_treatment": ""
        },
        "ERR2209917": {
            "refinebio_accession_code": "ERR2209917",
            "refinebio_age": "",
            "refinebio_annotations": [],
            "refinebio_cell_line": "",
            "refinebio_compound": "",
            "refinebio_developmental_stage": "",
            "refinebio_disease": "",
            "refinebio_disease_stage": "",
            "refinebio_genetic_information": "",
            "refinebio_organism": "HOMO_SAPIENS",
            "refinebio_platform": "Illumina HiSeq 2500 (IlluminaHiSeq2500)",
            "refinebio_processed": true,
            "refinebio_processor_id": 204,
            "refinebio_processor_name": "Tximport",
            "refinebio_processor_version": "v1.13.8-hotfix",
            "refinebio_race": "",
            "refinebio_sex": "",
            "refinebio_source_archive_url": "",
            "refinebio_source_database": "SRA",
            "refinebio_specimen_part": "",
            "refinebio_subject": "",
            "refinebio_time": "",
            "refinebio_title": "SH002",
            "refinebio_treatment": ""
        },
        "ERR2209918": {
            "refinebio_accession_code": "ERR2209918",
            "refinebio_age": "",
            "refinebio_annotations": [],
            "refinebio_cell_line": "",
            "refinebio_compound": "",
            "refinebio_developmental_stage": "",
            "refinebio_disease": "",
            "refinebio_disease_stage": "",
            "refinebio_genetic_information": "",
            "refinebio_organism": "HOMO_SAPIENS",
            "refinebio_platform": "Illumina HiSeq 2500 (IlluminaHiSeq2500)",
            "refinebio_processed": true,
            "refinebio_processor_id": 204,
            "refinebio_processor_name": "Tximport",
            "refinebio_processor_version": "v1.13.8-hotfix",
            "refinebio_race": "",
            "refinebio_sex": "",
            "refinebio_source_archive_url": "",
            "refinebio_source_database": "SRA",
            "refinebio_specimen_part": "",
            "refinebio_subject": "",
            "refinebio_time": "",
            "refinebio_title": "SH031",
            "refinebio_treatment": ""
        },
        "ERR2209919": {
            "refinebio_accession_code": "ERR2209919",
            "refinebio_age": "",
            "refinebio_annotations": [],
            "refinebio_cell_line": "",
            "refinebio_compound": "",
            "refinebio_developmental_stage": "",
            "refinebio_disease": "",
            "refinebio_disease_stage": "",
            "refinebio_genetic_information": "",
            "refinebio_organism": "HOMO_SAPIENS",
            "refinebio_platform": "Illumina HiSeq 2500 (IlluminaHiSeq2500)",
            "refinebio_processed": true,
            "refinebio_processor_id": 204,
            "refinebio_processor_name": "Tximport",
            "refinebio_processor_version": "v1.13.8-hotfix",
            "refinebio_race": "",
            "refinebio_sex": "",
            "refinebio_source_archive_url": "",
            "refinebio_source_database": "SRA",
            "refinebio_specimen_part": "",
            "refinebio_subject": "",
            "refinebio_time": "",
            "refinebio_title": "SH076",
            "refinebio_treatment": ""
        },
        "ERR2209920": {
            "refinebio_accession_code": "ERR2209920",
            "refinebio_age": "",
            "refinebio_annotations": [],
            "refinebio_cell_line": "",
            "refinebio_compound": "",
            "refinebio_developmental_stage": "",
            "refinebio_disease": "",
            "refinebio_disease_stage": "",
            "refinebio_genetic_information": "",
            "refinebio_organism": "HOMO_SAPIENS",
            "refinebio_platform": "Illumina HiSeq 2500 (IlluminaHiSeq2500)",
            "refinebio_processed": true,
            "refinebio_processor_id": 204,
            "refinebio_processor_name": "Tximport",
            "refinebio_processor_version": "v1.13.8-hotfix",
            "refinebio_race": "",
            "refinebio_sex": "",
            "refinebio_source_archive_url": "",
            "refinebio_source_database": "SRA",
            "refinebio_specimen_part": "",
            "refinebio_subject": "",
            "refinebio_time": "",
            "refinebio_title": "SH077",
            "refinebio_treatment": ""
        },
        "ERR2209921": {
            "refinebio_accession_code": "ERR2209921",
            "refinebio_age": "",
            "refinebio_annotations": [],
            "refinebio_cell_line": "",
            "refinebio_compound": "",
            "refinebio_developmental_stage": "",
            "refinebio_disease": "",
            "refinebio_disease_stage": "",
            "refinebio_genetic_information": "",
            "refinebio_organism": "HOMO_SAPIENS",
            "refinebio_platform": "Illumina HiSeq 2500 (IlluminaHiSeq2500)",
            "refinebio_processed": true,
            "refinebio_processor_id": 204,
            "refinebio_processor_name": "Tximport",
            "refinebio_processor_version": "v1.13.8-hotfix",
            "refinebio_race": "",
            "refinebio_sex": "",
            "refinebio_source_archive_url": "",
            "refinebio_source_database": "SRA",
            "refinebio_specimen_part": "",
            "refinebio_subject": "",
            "refinebio_time": "",
            "refinebio_title": "SH024",
            "refinebio_treatment": ""
        },
        "ERR2209922": {
            "refinebio_accession_code": "ERR2209922",
            "refinebio_age": "",
            "refinebio_annotations": [],
            "refinebio_cell_line": "",
            "refinebio_compound": "",
            "refinebio_developmental_stage": "",
            "refinebio_disease": "",
            "refinebio_disease_stage": "",
            "refinebio_genetic_information": "",
            "refinebio_organism": "HOMO_SAPIENS",
            "refinebio_platform": "Illumina HiSeq 2500 (IlluminaHiSeq2500)",
            "refinebio_processed": true,
            "refinebio_processor_id": 204,
            "refinebio_processor_name": "Tximport",
            "refinebio_processor_version": "v1.13.8-hotfix",
            "refinebio_race": "",
            "refinebio_sex": "",
            "refinebio_source_archive_url": "",
            "refinebio_source_database": "SRA",
            "refinebio_specimen_part": "",
            "refinebio_subject": "",
            "refinebio_time": "",
            "refinebio_title": "SH041",
            "refinebio_treatment": ""
        },
        "ERR2209923": {
            "refinebio_accession_code": "ERR2209923",
            "refinebio_age": "",
            "refinebio_annotations": [],
            "refinebio_cell_line": "",
            "refinebio_compound": "",
            "refinebio_developmental_stage": "",
            "refinebio_disease": "",
            "refinebio_disease_stage": "",
            "refinebio_genetic_information": "",
            "refinebio_organism": "HOMO_SAPIENS",
            "refinebio_platform": "Illumina HiSeq 2500 (IlluminaHiSeq2500)",
            "refinebio_processed": true,
            "refinebio_processor_id": 204,
            "refinebio_processor_name": "Tximport",
            "refinebio_processor_version": "v1.13.8-hotfix",
            "refinebio_race": "",
            "refinebio_sex": "",
            "refinebio_source_archive_url": "",
            "refinebio_source_database": "SRA",
            "refinebio_specimen_part": "",
            "refinebio_subject": "",
            "refinebio_time": "",
            "refinebio_title": "SH081",
            "refinebio_treatment": ""
        },
        "ERR2209924": {
            "refinebio_accession_code": "ERR2209924",
            "refinebio_age": "",
            "refinebio_annotations": [],
            "refinebio_cell_line": "",
            "refinebio_compound": "",
            "refinebio_developmental_stage": "",
            "refinebio_disease": "",
            "refinebio_disease_stage": "",
            "refinebio_genetic_information": "",
            "refinebio_organism": "HOMO_SAPIENS",
            "refinebio_platform": "Illumina HiSeq 2500 (IlluminaHiSeq2500)",
            "refinebio_processed": true,
            "refinebio_processor_id": 204,
            "refinebio_processor_name": "Tximport",
            "refinebio_processor_version": "v1.13.8-hotfix",
            "refinebio_race": "",
            "refinebio_sex": "",
            "refinebio_source_archive_url": "",
            "refinebio_source_database": "SRA",
            "refinebio_specimen_part": "",
            "refinebio_subject": "",
            "refinebio_time": "",
            "refinebio_title": "SH059",
            "refinebio_treatment": ""
        },
        "ERR2209925": {
            "refinebio_accession_code": "ERR2209925",
            "refinebio_age": "",
            "refinebio_annotations": [],
            "refinebio_cell_line": "",
            "refinebio_compound": "",
            "refinebio_developmental_stage": "",
            "refinebio_disease": "",
            "refinebio_disease_stage": "",
            "refinebio_genetic_information": "",
            "refinebio_organism": "HOMO_SAPIENS",
            "refinebio_platform": "Illumina HiSeq 2500 (IlluminaHiSeq2500)",
            "refinebio_processed": true,
            "refinebio_processor_id": 204,
            "refinebio_processor_name": "Tximport",
            "refinebio_processor_version": "v1.13.8-hotfix",
            "refinebio_race": "",
            "refinebio_sex": "",
            "refinebio_source_archive_url": "",
            "refinebio_source_database": "SRA",
            "refinebio_specimen_part": "",
            "refinebio_subject": "",
            "refinebio_time": "",
            "refinebio_title": "SH026",
            "refinebio_treatment": ""
        },
        "ERR2209926": {
            "refinebio_accession_code": "ERR2209926",
            "refinebio_age": "",
            "refinebio_annotations": [],
            "refinebio_cell_line": "",
            "refinebio_compound": "",
            "refinebio_developmental_stage": "",
            "refinebio_disease": "",
            "refinebio_disease_stage": "",
            "refinebio_genetic_information": "",
            "refinebio_organism": "HOMO_SAPIENS",
            "refinebio_platform": "Illumina HiSeq 2500 (IlluminaHiSeq2500)",
            "refinebio_processed": true,
            "refinebio_processor_id": 204,
            "refinebio_processor_name": "Tximport",
            "refinebio_processor_version": "v1.13.8-hotfix",
            "refinebio_race": "",
            "refinebio_sex": "",
            "refinebio_source_archive_url": "",
            "refinebio_source_database": "SRA",
            "refinebio_specimen_part": "",
            "refinebio_subject": "",
            "refinebio_time": "",
            "refinebio_title": "SH079",
            "refinebio_treatment": ""
        },
        "ERR2209927": {
            "refinebio_accession_code": "ERR2209927",
            "refinebio_age": "",
            "refinebio_annotations": [],
            "refinebio_cell_line": "",
            "refinebio_compound": "",
            "refinebio_developmental_stage": "",
            "refinebio_disease": "",
            "refinebio_disease_stage": "",
            "refinebio_genetic_information": "",
            "refinebio_organism": "HOMO_SAPIENS",
            "refinebio_platform": "Illumina HiSeq 2500 (IlluminaHiSeq2500)",
            "refinebio_processed": true,
            "refinebio_processor_id": 204,
            "refinebio_processor_name": "Tximport",
            "refinebio_processor_version": "v1.13.8-hotfix",
            "refinebio_race": "",
            "refinebio_sex": "",
            "refinebio_source_archive_url": "",
            "refinebio_source_database": "SRA",
            "refinebio_specimen_part": "",
            "refinebio_subject": "",
            "refinebio_time": "",
            "refinebio_title": "SH075",
            "refinebio_treatment": ""
        },
        "ERR2209928": {
            "refinebio_accession_code": "ERR2209928",
            "refinebio_age": "",
            "refinebio_annotations": [],
            "refinebio_cell_line": "",
            "refinebio_compound": "",
            "refinebio_developmental_stage": "",
            "refinebio_disease": "",
            "refinebio_disease_stage": "",
            "refinebio_genetic_information": "",
            "refinebio_organism": "HOMO_SAPIENS",
            "refinebio_platform": "Illumina HiSeq 2500 (IlluminaHiSeq2500)",
            "refinebio_processed": true,
            "refinebio_processor_id": 204,
            "refinebio_processor_name": "Tximport",
            "refinebio_processor_version": "v1.13.8-hotfix",
            "refinebio_race": "",
            "refinebio_sex": "",
            "refinebio_source_archive_url": "",
            "refinebio_source_database": "SRA",
            "refinebio_specimen_part": "",
            "refinebio_subject": "",
            "refinebio_time": "",
            "refinebio_title": "SH080",
            "refinebio_treatment": ""
        },
        "ERR2209929": {
            "refinebio_accession_code": "ERR2209929",
            "refinebio_age": "",
            "refinebio_annotations": [],
            "refinebio_cell_line": "",
            "refinebio_compound": "",
            "refinebio_developmental_stage": "",
            "refinebio_disease": "",
            "refinebio_disease_stage": "",
            "refinebio_genetic_information": "",
            "refinebio_organism": "HOMO_SAPIENS",
            "refinebio_platform": "Illumina HiSeq 2500 (IlluminaHiSeq2500)",
            "refinebio_processed": true,
            "refinebio_processor_id": 204,
            "refinebio_processor_name": "Tximport",
            "refinebio_processor_version": "v1.13.8-hotfix",
            "refinebio_race": "",
            "refinebio_sex": "",
            "refinebio_source_archive_url": "",
            "refinebio_source_database": "SRA",
            "refinebio_specimen_part": "",
            "refinebio_subject": "",
            "refinebio_time": "",
            "refinebio_title": "SH017",
            "refinebio_treatment": ""
        },
        "ERR2209930": {
            "refinebio_accession_code": "ERR2209930",
            "refinebio_age": "",
            "refinebio_annotations": [],
            "refinebio_cell_line": "",
            "refinebio_compound": "",
            "refinebio_developmental_stage": "",
            "refinebio_disease": "",
            "refinebio_disease_stage": "",
            "refinebio_genetic_information": "",
            "refinebio_organism": "HOMO_SAPIENS",
            "refinebio_platform": "Illumina HiSeq 2500 (IlluminaHiSeq2500)",
            "refinebio_processed": true,
            "refinebio_processor_id": 204,
            "refinebio_processor_name": "Tximport",
            "refinebio_processor_version": "v1.13.8-hotfix",
            "refinebio_race": "",
            "refinebio_sex": "",
            "refinebio_source_archive_url": "",
            "refinebio_source_database": "SRA",
            "refinebio_specimen_part": "",
            "refinebio_subject": "",
            "refinebio_time": "",
            "refinebio_title": "SH003",
            "refinebio_treatment": ""
        },
        "ERR2209931": {
            "refinebio_accession_code": "ERR2209931",
            "refinebio_age": "",
            "refinebio_annotations": [],
            "refinebio_cell_line": "",
            "refinebio_compound": "",
            "refinebio_developmental_stage": "",
            "refinebio_disease": "",
            "refinebio_disease_stage": "",
            "refinebio_genetic_information": "",
            "refinebio_organism": "HOMO_SAPIENS",
            "refinebio_platform": "Illumina HiSeq 2500 (IlluminaHiSeq2500)",
            "refinebio_processed": true,
            "refinebio_processor_id": 204,
            "refinebio_processor_name": "Tximport",
            "refinebio_processor_version": "v1.13.8-hotfix",
            "refinebio_race": "",
            "refinebio_sex": "",
            "refinebio_source_archive_url": "",
            "refinebio_source_database": "SRA",
            "refinebio_specimen_part": "",
            "refinebio_subject": "",
            "refinebio_time": "",
            "refinebio_title": "SH084",
            "refinebio_treatment": ""
        },
        "ERR2209932": {
            "refinebio_accession_code": "ERR2209932",
            "refinebio_age": "",
            "refinebio_annotations": [],
            "refinebio_cell_line": "",
            "refinebio_compound": "",
            "refinebio_developmental_stage": "",
            "refinebio_disease": "",
            "refinebio_disease_stage": "",
            "refinebio_genetic_information": "",
            "refinebio_organism": "HOMO_SAPIENS",
            "refinebio_platform": "Illumina HiSeq 2500 (IlluminaHiSeq2500)",
            "refinebio_processed": true,
            "refinebio_processor_id": 204,
            "refinebio_processor_name": "Tximport",
            "refinebio_processor_version": "v1.13.8-hotfix",
            "refinebio_race": "",
            "refinebio_sex": "",
            "refinebio_source_archive_url": "",
            "refinebio_source_database": "SRA",
            "refinebio_specimen_part": "",
            "refinebio_subject": "",
            "refinebio_time": "",
            "refinebio_title": "SH085",
            "refinebio_treatment": ""
        }
    },
    "scale_by": "NONE"
}